auteur,nom_anthologie
Floriane Soulas,Maisons Hantées
Vincent Tassy,Maisons Hantées
V. F. F. Pouget,Maisons Hantées
Jean-Charles Flamion,Maisons Hantées
Yann Isoardi,Maisons Hantées
David Mons,Maisons Hantées
Nicolas Saintier,Maisons Hantées
Bruno Pochesci,Maisons Hantées
Mahaut Davenel,Maisons Hantées
Mickaël Feugray,Maisons Hantées
Jérémy Bouquin,Maisons Hantées
Hélène Duc,Maisons Hantées
Chris Vilhelm,Maisons Hantées
Emmanuel Delporte,Maisons Hantées
Antoine Techenet,Maisons Hantées
Florence Barrier,Sombres Félins
Morgane,Sombres Félins
Marthe Machorowski,Sombres Félins
Jeanne Sélène,Sombres Félins
David Elbe,Sombres Félins
Aude Cenga,Sombres Félins
Emmanuel Delporte,Sombres Félins
Aaron Judas,Sombres Félins
François Fierobe,Sombres Félins
Patrick Godard,Sombres Félins
Pierre Brulhet,Sombres Félins
Bruno Pochesci,Sombres Félins
David Baquaise,Sombres Félins
Victor Fleury,Sombres Félins
Mickaël Feugray,Sombres Félins
Eric Vial-Bonacci,Sombres Félins
Noémie Wiorek,Sombres Félins
Henri Bé,Sombres Félins
Mahaut Davenel,Sombres Félins
Andréa Deslacs,Civilisations Disparues
Patrick Godard,Civilisations Disparues
Aaron Judas,Civilisations Disparues
Mathieu Rivero,Civilisations Disparues
Quentin Foureau,Civilisations Disparues
Floriane Soulas,Civilisations Disparues
Pierre Brulhet,Civilisations Disparues
Jeanne Sélène,Civilisations Disparues
Barbara Cordier,Civilisations Disparues
Victor Fleury,Civilisations Disparues
Aaron Judas,Nuits de Lorraine
Aude Cenga,Nuits de Lorraine
Ambroise Dehaye,Nuits de Lorraine
Patrick Godard,Nuits de Lorraine
Morgane Scheinmeer,Nuits d'Alsace
Odile Avril,Nuits d'Alsace
Brice Chee,Nuits d'Alsace
François Fierobe,Nuits d'Alsace
Delphine Schmitz,Belle Époque
Tepthida Haye,Belle Époque
Caroline Blineau,Belle Époque
Alex Mauri,Belle Époque
Guillaume Lemaître,Belle Époque
Aaron Judas,Belle Époque
Népenth S.,Belle Époque
Chris Vilhelm,Belle Époque
Florence Barrier,Belle Époque
Cyril Fabre,Belle Époque
Catherine Loiseau,Belle Époque
Philippe-Aurèle Leroux,Belle Époque
L. Azarii,Belle Époque
Mahaut Davenel,Belle Époque
Alexandra Fiordelli,Belle Époque
Andréa Deslacs,Belle Époque
Nolwenn Pamart,Belle Époque
Pierre Brulhet,Démons japonais
Alexandra Fiordelli,Démons japonais
Noémie Wiorek,Démons japonais
Natacha Rousseau,Démons japonais
Aaron Judas,Démons japonais
Audrey Salles,Démons japonais
Franck Stevens,Démons japonais
Philippe Deniel,Démons japonais
Johann Vigneron,Démons japonais
Juliette Bas,Démons japonais
Annabelle Blangier,Démons japonais
Yvan Barbedette,Démons japonais
Thibault H. Charroux,Démons japonais
Caroline Blineau,Démons japonais
L. Azarii,Démons japonais
Anne Goulard,Démons japonais
Morgane Scheinmeer,Démons japonais
,
,
,
,
,
,
